1,Clock In,2025-05-21 20:25:56
1,Break Out,2025-05-21 20:26:00
1,Break In,2025-05-21 20:26:02
1,Clock Out,2025-05-21 20:26:05
2,Clock In,2025-05-21 21:14:57
2,Break Out,2025-05-21 21:15:00
2,Break In,2025-05-21 21:15:03
2,Clock Out,2025-05-21 21:15:05
2,Clock In,2025-05-21 21:15:08
1,Clock In,2025-05-21 21:15:23
1,Break Out,2025-05-21 21:15:26
1,Break In,2025-05-21 21:15:27
1,Clock Out,2025-05-21 21:15:29
1,Clock In,2025-05-21 21:32:12
1,Clock In,2025-05-21 21:40:01
1,Clock In,2025-05-21 21:43:58
1,Clock In,2025-05-21 21:49:54
1,Clock In,2025-05-21 21:50:22
2,Clock In,2025-05-21 21:50:25
1,Clock In,2025-05-21 22:09:31
1,Clock In,2025-05-21 22:51:59
